accuracy,precision,recall,f1_score,roc_auc
0.7686302342086586,0.548,0.732620320855615,0.6270022883295194,0.842885375494071
